frame,pict_type,base_qp,top_mean,top_min,top_max,bot_mean,bot_min,bot_max,nblocks,n_off,n_unexplained
0,I,26,30.000,30,30,42.000,42,42,8160,3960,1
1,P,26,30.000,30,30,42.000,42,42,8160,0,0
2,P,26,41.985,30,42,30.056,30,42,8160,24,1
3,P,26,30.000,30,30,42.000,42,42,8160,0,0
4,P,26,41.985,30,42,30.056,30,42,8160,24,1
5,P,26,30.000,30,30,42.000,42,42,8160,0,0
6,P,26,41.988,30,42,30.056,30,42,8160,23,1
7,P,26,41.988,30,42,30.056,30,42,8160,4084,2
8,P,26,41.985,30,42,30.056,30,42,8160,24,1
9,P,26,30.000,30,30,42.000,42,42,8160,0,0
10,P,26,41.985,30,42,30.056,30,42,8160,24,1
11,P,26,30.000,30,30,42.000,42,42,8160,0,0
12,P,26,41.988,30,42,30.056,30,42,8160,23,1
13,P,26,30.000,30,30,42.000,42,42,8160,0,0
14,P,26,41.985,30,42,30.056,30,42,8160,24,1
15,P,26,30.000,30,30,42.000,42,42,8160,0,0
16,P,26,30.000,30,30,42.000,42,42,8160,3960,1
17,P,26,41.985,30,42,30.056,30,42,8160,4085,2
18,P,26,30.000,30,30,42.000,42,42,8160,3960,1
19,P,26,30.000,30,30,42.000,42,42,8160,0,0
20,P,26,41.985,30,42,30.056,30,42,8160,24,1
21,P,26,41.985,30,42,30.056,30,42,8160,4085,2
22,P,26,41.985,30,42,30.056,30,42,8160,24,1
23,P,26,30.000,30,30,42.000,42,42,8160,0,0
24,P,26,41.988,30,42,30.056,30,42,8160,23,1
25,P,26,30.000,30,30,42.000,42,42,8160,0,0
26,P,26,41.985,30,42,30.050,30,42,8160,22,1
27,P,26,30.000,30,30,42.000,42,42,8160,0,0
28,P,26,41.985,30,42,30.026,30,42,8160,14,1
29,P,26,41.985,30,42,30.018,30,42,8160,4085,2
30,P,26,41.991,30,42,30.000,30,30,8160,3,1
31,P,26,30.000,30,30,42.000,42,42,8160,0,0
32,P,26,30.000,30,30,42.000,42,42,8160,3960,1
33,P,26,30.000,30,30,42.000,42,42,8160,0,0
34,P,26,41.985,30,42,30.003,30,42,8160,6,1
35,P,26,30.000,30,30,42.000,42,42,8160,0,0
36,P,26,41.988,30,42,30.015,30,42,8160,9,1
37,P,26,30.000,30,30,42.000,42,42,8160,0,0
38,P,26,30.000,30,30,42.000,42,42,8160,3960,1
39,P,26,41.988,30,42,30.003,30,42,8160,4084,2
40,P,26,41.988,30,42,30.112,30,42,8160,42,1
41,P,26,30.000,30,30,42.000,42,42,8160,0,0
42,P,26,30.000,30,30,42.000,42,42,8160,3960,1
43,P,26,30.000,30,30,42.000,42,42,8160,0,0
44,P,26,30.000,30,30,42.000,42,42,8160,3960,1
45,P,26,30.000,30,30,42.000,42,42,8160,0,0
46,P,26,41.985,30,42,30.056,30,42,8160,24,1
47,P,26,30.000,30,30,42.000,42,42,8160,0,0
48,P,26,41.988,30,42,30.012,30,42,8160,8,1
49,P,26,30.000,30,30,42.000,42,42,8160,0,0
50,P,26,41.985,30,42,30.115,30,42,8160,44,1
51,P,26,30.000,30,30,42.000,42,42,8160,0,0
52,P,26,41.985,30,42,30.041,30,42,8160,19,1
53,P,26,30.000,30,30,42.000,42,42,8160,0,0
54,P,26,41.988,30,42,30.018,30,42,8160,10,1
55,P,26,30.000,30,30,42.000,42,42,8160,0,0
56,P,26,41.985,30,42,30.056,30,42,8160,24,1
57,P,26,30.000,30,30,42.000,42,42,8160,0,0
58,P,26,30.000,30,30,42.000,42,42,8160,3960,1
59,P,26,30.000,30,30,42.000,42,42,8160,0,0
60,P,26,41.991,30,42,30.006,30,42,8160,5,1
61,P,26,30.000,30,30,42.000,42,42,8160,0,0
62,P,26,41.985,30,42,30.059,30,42,8160,25,1
63,P,26,41.988,30,42,30.056,30,42,8160,4084,2
64,P,26,41.985,30,42,30.079,30,42,8160,32,1
65,P,26,30.000,30,30,42.000,42,42,8160,0,0
66,P,26,30.000,30,30,42.000,42,42,8160,3960,1
67,P,26,30.000,30,30,42.000,42,42,8160,0,0
68,P,26,41.985,30,42,30.056,30,42,8160,24,1
69,P,26,41.988,30,42,30.059,30,42,8160,4084,2
70,P,26,41.985,30,42,30.215,30,42,8160,78,1
71,P,26,30.000,30,30,42.000,42,42,8160,0,0
72,P,26,41.988,30,42,30.115,30,42,8160,43,1
73,P,26,41.988,30,42,30.056,30,42,8160,4084,2
74,P,26,41.985,30,42,30.171,30,42,8160,63,1
75,P,26,30.000,30,30,42.000,42,42,8160,0,0
76,P,26,41.985,30,42,30.056,30,42,8160,24,1
77,P,26,30.000,30,30,42.000,42,42,8160,0,0
78,P,26,41.988,30,42,30.121,30,42,8160,45,1
79,P,26,30.000,30,30,42.000,42,42,8160,0,0
80,P,26,30.000,30,30,42.000,42,42,8160,3960,1
81,P,26,41.985,30,42,30.056,30,42,8160,4085,2
82,P,26,30.000,30,30,42.000,42,42,8160,3960,1
83,P,26,30.000,30,30,42.000,42,42,8160,0,0
84,P,26,41.988,30,42,30.053,30,42,8160,22,1
85,P,26,30.000,30,30,42.000,42,42,8160,0,0
86,P,26,41.985,30,42,30.035,30,42,8160,17,1
87,P,26,30.000,30,30,42.000,42,42,8160,0,0
88,P,26,30.000,30,30,42.000,42,42,8160,3960,1
89,P,26,30.000,30,30,42.000,42,42,8160,0,0
90,P,26,41.991,30,42,30.000,30,30,8160,3,1
91,P,26,30.000,30,30,42.000,42,42,8160,0,0
92,P,26,41.985,30,42,30.059,30,42,8160,25,1
93,P,26,30.000,30,30,42.000,42,42,8160,0,0
94,P,26,41.985,30,42,30.056,30,42,8160,24,1
95,P,26,41.985,30,42,30.115,30,42,8160,4085,2
96,P,26,41.988,30,42,30.056,30,42,8160,23,1
97,P,26,30.000,30,30,42.000,42,42,8160,0,0
98,P,26,41.985,30,42,30.056,30,42,8160,24,1
99,P,26,30.000,30,30,42.000,42,42,8160,0,0
100,P,26,41.985,30,42,30.068,30,42,8160,28,1
101,P,26,30.000,30,30,42.000,42,42,8160,0,0
102,P,26,41.988,30,42,30.056,30,42,8160,23,1
103,P,26,30.000,30,30,42.000,42,42,8160,0,0
104,P,26,41.985,30,42,30.041,30,42,8160,19,1
105,P,26,30.000,30,30,42.000,42,42,8160,0,0
106,P,26,41.985,30,42,30.038,30,42,8160,18,1
107,P,26,30.000,30,30,42.000,42,42,8160,0,0
108,P,26,41.988,30,42,30.041,30,42,8160,18,1
109,P,26,30.000,30,30,42.000,42,42,8160,0,0
110,P,26,41.985,30,42,30.056,30,42,8160,24,1
111,P,26,30.000,30,30,42.000,42,42,8160,0,0
112,P,26,41.985,30,42,30.047,30,42,8160,21,1
113,P,26,30.000,30,30,42.000,42,42,8160,0,0
114,P,26,41.988,30,42,30.056,30,42,8160,23,1
115,P,26,30.000,30,30,42.000,42,42,8160,0,0
116,P,26,41.985,30,42,30.056,30,42,8160,24,1
117,P,26,41.988,30,42,30.115,30,42,8160,4084,2
118,P,26,41.988,30,42,30.038,30,42,8160,17,1
119,P,26,41.997,30,42,30.085,30,42,8160,4081,2
120,P,26,42.000,42,42,30.024,30,42,8160,8,0
121,P,26,41.997,30,42,30.071,30,42,8160,4081,2
122,P,26,41.985,30,42,30.056,30,42,8160,24,1
123,P,26,30.000,30,30,42.000,42,42,8160,0,0
124,P,26,41.985,30,42,30.056,30,42,8160,24,1
125,P,26,41.985,30,42,30.056,30,42,8160,4085,2
126,P,26,41.988,30,42,30.056,30,42,8160,23,1
127,P,26,30.000,30,30,42.000,42,42,8160,0,0
128,P,26,41.985,30,42,30.056,30,42,8160,24,1
129,P,26,30.000,30,30,42.000,42,42,8160,0,0
130,P,26,41.985,30,42,30.056,30,42,8160,24,1
131,P,26,30.000,30,30,42.000,42,42,8160,0,0
132,P,26,41.988,30,42,30.056,30,42,8160,23,1
133,P,26,30.000,30,30,42.000,42,42,8160,0,0
134,P,26,41.985,30,42,30.056,30,42,8160,24,1
135,P,26,30.000,30,30,42.000,42,42,8160,0,0
136,P,26,41.985,30,42,30.056,30,42,8160,24,1
137,P,26,30.000,30,30,42.000,42,42,8160,0,0
138,P,26,41.988,30,42,30.056,30,42,8160,23,1
139,P,26,41.985,30,42,30.056,30,42,8160,4085,2
140,P,26,41.985,30,42,30.056,30,42,8160,24,1
141,P,26,30.000,30,30,42.000,42,42,8160,0,0
142,P,26,30.000,30,30,42.000,42,42,8160,3960,1
143,P,26,30.000,30,30,42.000,42,42,8160,0,0
144,P,26,41.988,30,42,30.056,30,42,8160,23,1
145,P,26,30.000,30,30,42.000,42,42,8160,0,0
146,P,26,41.985,30,42,30.053,30,42,8160,23,1
147,P,26,30.000,30,30,42.000,42,42,8160,0,0
148,P,26,41.985,30,42,30.018,30,42,8160,11,1
149,P,26,30.000,30,30,42.000,42,42,8160,0,0
150,P,26,41.991,30,42,30.009,30,42,8160,6,1
151,P,26,30.000,30,30,42.000,42,42,8160,0,0
152,P,26,41.985,30,42,30.000,30,30,8160,5,1
153,P,26,30.000,30,30,42.000,42,42,8160,0,0
154,P,26,41.985,30,42,30.018,30,42,8160,11,1
155,P,26,30.000,30,30,42.000,42,42,8160,0,0
156,P,26,41.988,30,42,30.059,30,42,8160,24,1
157,P,26,30.000,30,30,42.000,42,42,8160,0,0
158,P,26,41.985,30,42,30.056,30,42,8160,24,1
159,P,26,30.000,30,30,42.000,42,42,8160,0,0
160,P,26,41.985,30,42,30.029,30,42,8160,15,1
161,P,26,30.000,30,30,42.000,42,42,8160,0,0
162,P,26,30.000,30,30,42.000,42,42,8160,3960,1
163,P,26,30.000,30,30,42.000,42,42,8160,0,0
164,P,26,41.985,30,42,30.056,30,42,8160,24,1
165,P,26,30.000,30,30,42.000,42,42,8160,0,0
166,P,26,41.985,30,42,30.056,30,42,8160,24,1
167,P,26,30.000,30,30,42.000,42,42,8160,0,0
168,P,26,41.988,30,42,30.088,30,42,8160,34,1
169,P,26,41.985,30,42,30.056,30,42,8160,4085,2
170,P,26,41.985,30,42,30.059,30,42,8160,25,1
171,P,26,30.000,30,30,42.000,42,42,8160,0,0
172,P,26,30.000,30,30,42.000,42,42,8160,3960,1
173,P,26,41.985,30,42,30.047,30,42,8160,4085,2
174,P,26,41.988,30,42,30.291,30,42,8160,103,1
175,P,26,30.000,30,30,42.000,42,42,8160,0,0
176,P,26,41.985,30,42,30.291,30,42,8160,104,1
177,P,26,41.988,30,42,30.056,30,42,8160,4084,2
178,P,26,41.985,30,42,30.059,30,42,8160,25,1
179,P,26,41.985,30,42,30.206,30,42,8160,4085,2
180,P,26,30.000,30,30,42.000,42,42,8160,3960,1
181,P,26,41.985,30,42,30.056,30,42,8160,4085,2
182,P,26,30.000,30,30,42.000,42,42,8160,3960,1
183,P,26,30.000,30,30,42.000,42,42,8160,0,0
184,P,26,41.985,30,42,30.056,30,42,8160,24,1
185,P,26,41.985,30,42,30.118,30,42,8160,4085,2
186,P,26,30.000,30,30,42.000,42,42,8160,3960,1
187,P,26,30.000,30,30,42.000,42,42,8160,0,0
188,P,26,41.985,30,42,30.056,30,42,8160,24,1
189,P,26,41.988,30,42,30.024,30,42,8160,4084,2
190,P,26,41.985,30,42,30.215,30,42,8160,78,1
191,P,26,30.000,30,30,42.000,42,42,8160,0,0
192,P,26,41.988,30,42,30.056,30,42,8160,23,1
193,P,26,41.988,30,42,30.176,30,42,8160,4084,2
194,P,26,41.985,30,42,30.174,30,42,8160,64,1
195,P,26,30.000,30,30,42.000,42,42,8160,0,0
196,P,26,41.985,30,42,30.056,30,42,8160,24,1
197,P,26,30.000,30,30,42.000,42,42,8160,0,0
198,P,26,41.988,30,42,30.124,30,42,8160,46,1
199,P,26,30.000,30,30,42.000,42,42,8160,0,0
200,P,26,41.985,30,42,30.056,30,42,8160,24,1
201,P,26,41.985,30,42,30.050,30,42,8160,4085,2
202,P,26,41.985,30,42,30.079,30,42,8160,32,1
203,P,26,30.000,30,30,42.000,42,42,8160,0,0
204,P,26,41.988,30,42,30.050,30,42,8160,21,1
205,P,26,41.985,30,42,30.047,30,42,8160,4085,2
206,P,26,41.985,30,42,30.029,30,42,8160,15,1
207,P,26,30.000,30,30,42.000,42,42,8160,0,0
208,P,26,30.000,30,30,42.000,42,42,8160,3960,1
209,P,26,41.985,30,42,30.000,30,30,8160,4085,2
210,P,26,41.991,30,42,30.000,30,30,8160,3,1
211,P,26,30.000,30,30,42.000,42,42,8160,0,0
212,P,26,41.985,30,42,30.056,30,42,8160,24,1
213,P,26,41.988,30,42,30.174,30,42,8160,4084,2
214,P,26,41.988,30,42,30.056,30,42,8160,23,1
215,P,26,41.988,30,42,30.056,30,42,8160,4084,2
216,P,26,41.988,30,42,30.056,30,42,8160,23,1
217,P,26,30.000,30,30,42.000,42,42,8160,0,0
218,P,26,41.985,30,42,30.056,30,42,8160,24,1
219,P,26,30.000,30,30,42.000,42,42,8160,0,0
220,P,26,41.985,30,42,30.056,30,42,8160,24,1
221,P,26,30.000,30,30,42.000,42,42,8160,0,0
222,P,26,30.000,30,30,42.000,42,42,8160,3960,1
223,P,26,41.985,30,42,30.056,30,42,8160,4085,2
224,P,26,30.000,30,30,42.000,42,42,8160,3960,1
225,P,26,41.988,30,42,30.038,30,42,8160,4084,2
226,P,26,30.000,30,30,42.000,42,42,8160,3960,1
227,P,26,41.985,30,42,30.038,30,42,8160,4085,2
228,P,26,41.988,30,42,30.038,30,42,8160,17,1
229,P,26,30.000,30,30,42.000,42,42,8160,0,0
230,P,26,30.000,30,30,42.000,42,42,8160,3960,1
231,P,26,30.000,30,30,42.000,42,42,8160,0,0
232,P,26,41.985,30,42,30.056,30,42,8160,24,1
233,P,26,41.985,30,42,30.056,30,42,8160,4085,2
234,P,26,30.000,30,30,42.000,42,42,8160,3960,1
235,P,26,30.000,30,30,42.000,42,42,8160,0,0
236,P,26,41.985,30,42,30.050,30,42,8160,22,1
237,P,26,30.000,30,30,42.000,42,42,8160,0,0
238,P,26,30.000,30,30,42.000,42,42,8160,3960,1
239,P,26,41.997,30,42,30.056,30,42,8160,4081,2
240,P,26,30.000,30,30,42.000,42,42,8160,3960,1
241,P,26,30.000,30,30,42.000,42,42,8160,0,0
242,P,26,41.985,30,42,30.056,30,42,8160,24,1
243,P,26,41.988,30,42,30.056,30,42,8160,4084,2
244,P,26,41.988,30,42,30.056,30,42,8160,23,1
245,P,26,30.000,30,30,42.000,42,42,8160,0,0
246,P,26,30.000,30,30,42.000,42,42,8160,3960,1
247,P,26,30.000,30,30,42.000,42,42,8160,0,0
248,P,26,30.000,30,30,42.000,42,42,8160,3960,1
249,P,26,30.000,30,30,42.000,42,42,8160,0,0
250,P,26,41.985,30,42,30.056,30,42,8160,24,1
251,P,26,30.000,30,30,42.000,42,42,8160,0,0
252,P,26,30.000,30,30,42.000,42,42,8160,3960,1
253,P,26,41.985,30,42,30.056,30,42,8160,4085,2
254,P,26,30.000,30,30,42.000,42,42,8160,3960,1
255,P,26,41.988,30,42,30.056,30,42,8160,4084,2
256,P,26,41.988,30,42,30.038,30,42,8160,17,1
257,P,26,41.985,30,42,30.056,30,42,8160,4085,2
258,P,26,30.000,30,30,42.000,42,42,8160,3960,1
259,P,26,30.000,30,30,42.000,42,42,8160,0,0
260,P,26,41.985,30,42,30.115,30,42,8160,44,1
261,P,26,30.000,30,30,42.000,42,42,8160,0,0
262,P,26,41.985,30,42,30.056,30,42,8160,24,1
263,P,26,30.000,30,30,42.000,42,42,8160,0,0
264,P,26,41.988,30,42,30.009,30,42,8160,7,1
265,P,26,30.000,30,30,42.000,42,42,8160,0,0
266,P,26,30.000,30,30,42.000,42,42,8160,3960,1
267,P,26,30.000,30,30,42.000,42,42,8160,0,0
268,P,26,41.985,30,42,30.018,30,42,8160,11,1
269,P,26,30.000,30,30,42.000,42,42,8160,0,0
270,P,26,30.000,30,30,42.000,42,42,8160,3960,1
271,P,26,41.985,30,42,30.000,30,30,8160,4085,2
272,P,26,41.985,30,42,30.000,30,30,8160,5,1
273,P,26,41.988,30,42,30.003,30,42,8160,4084,2
274,P,26,30.000,30,30,42.000,42,42,8160,3960,1
275,P,26,41.985,30,42,30.021,30,42,8160,4085,2
276,P,26,30.000,30,30,42.000,42,42,8160,3960,1
277,P,26,41.985,30,42,30.009,30,42,8160,4085,2
278,P,26,41.985,30,42,30.118,30,42,8160,45,1
279,P,26,41.988,30,42,30.018,30,42,8160,4084,2
280,P,26,30.000,30,30,42.000,42,42,8160,3960,1
281,P,26,41.985,30,42,30.056,30,42,8160,4085,2
282,P,26,30.000,30,30,42.000,42,42,8160,3960,1
283,P,26,41.985,30,42,30.062,30,42,8160,4085,2
284,P,26,30.000,30,30,42.000,42,42,8160,3960,1
285,P,26,41.988,30,42,30.056,30,42,8160,4084,2
286,P,26,30.000,30,30,42.000,42,42,8160,3960,1
287,P,26,30.000,30,30,42.000,42,42,8160,0,0
288,P,26,30.000,30,30,42.000,42,42,8160,3960,1
289,P,26,30.000,30,30,42.000,42,42,8160,0,0
290,P,26,41.985,30,42,30.056,30,42,8160,24,1
291,P,26,30.000,30,30,42.000,42,42,8160,0,0
292,P,26,30.000,30,30,42.000,42,42,8160,3960,1
293,P,26,41.985,30,42,30.056,30,42,8160,4085,2
294,P,26,30.000,30,30,42.000,42,42,8160,3960,1
295,P,26,41.985,30,42,30.006,30,42,8160,4085,2
296,P,26,30.000,30,30,42.000,42,42,8160,3960,1
297,P,26,30.000,30,30,42.000,42,42,8160,0,0
298,P,26,30.000,30,30,42.000,42,42,8160,3960,1
299,P,26,30.000,30,30,42.000,42,42,8160,0,0
