frame,pict_type,base_qp,top_mean,top_min,top_max,bot_mean,bot_min,bot_max,nblocks
0,I,26,12.000,12,12,0.000,0,0,8160
1,P,26,0.000,0,0,12.000,12,12,8160
2,P,26,12.000,12,12,0.000,0,0,8160
3,P,26,0.000,0,0,12.000,12,12,8160
4,P,26,12.000,12,12,0.000,0,0,8160
5,P,26,0.000,0,0,12.000,12,12,8160
6,P,26,12.000,12,12,0.000,0,0,8160
7,P,26,0.000,0,0,12.000,12,12,8160
8,P,26,12.000,12,12,0.000,0,0,8160
9,P,26,0.000,0,0,12.000,12,12,8160
10,P,26,12.000,12,12,0.000,0,0,8160
11,P,26,0.000,0,0,12.000,12,12,8160
12,P,26,12.000,12,12,0.000,0,0,8160
13,P,26,0.000,0,0,12.000,12,12,8160
14,P,26,12.000,12,12,0.000,0,0,8160
15,P,26,0.000,0,0,12.000,12,12,8160
16,P,26,12.000,12,12,0.000,0,0,8160
17,P,26,0.000,0,0,12.000,12,12,8160
18,P,26,12.000,12,12,0.000,0,0,8160
19,P,26,0.000,0,0,12.000,12,12,8160
20,P,26,12.000,12,12,0.000,0,0,8160
21,P,26,0.000,0,0,12.000,12,12,8160
22,P,26,12.000,12,12,0.000,0,0,8160
23,P,26,0.000,0,0,12.000,12,12,8160
24,P,26,12.000,12,12,0.000,0,0,8160
25,P,26,0.000,0,0,12.000,12,12,8160
26,P,26,12.000,12,12,0.000,0,0,8160
27,P,26,0.000,0,0,12.000,12,12,8160
28,P,26,12.000,12,12,0.000,0,0,8160
29,P,26,0.000,0,0,12.000,12,12,8160
30,P,26,12.000,12,12,0.000,0,0,8160
31,P,26,0.000,0,0,12.000,12,12,8160
32,P,26,12.000,12,12,0.000,0,0,8160
33,P,26,0.000,0,0,12.000,12,12,8160
34,P,26,12.000,12,12,0.000,0,0,8160
35,P,26,0.000,0,0,12.000,12,12,8160
36,P,26,12.000,12,12,0.000,0,0,8160
37,P,26,0.000,0,0,12.000,12,12,8160
38,P,26,12.000,12,12,0.000,0,0,8160
39,P,26,0.000,0,0,12.000,12,12,8160
40,P,26,12.000,12,12,0.000,0,0,8160
41,P,26,0.000,0,0,12.000,12,12,8160
42,P,26,12.000,12,12,0.000,0,0,8160
43,P,26,0.000,0,0,12.000,12,12,8160
44,P,26,12.000,12,12,0.000,0,0,8160
45,P,26,0.000,0,0,12.000,12,12,8160
46,P,26,12.000,12,12,0.000,0,0,8160
47,P,26,0.000,0,0,12.000,12,12,8160
48,P,26,12.000,12,12,0.000,0,0,8160
49,P,26,0.000,0,0,12.000,12,12,8160
50,P,26,12.000,12,12,0.000,0,0,8160
51,P,26,0.000,0,0,12.000,12,12,8160
52,P,26,12.000,12,12,0.000,0,0,8160
53,P,26,0.000,0,0,12.000,12,12,8160
54,P,26,12.000,12,12,0.000,0,0,8160
55,P,26,0.000,0,0,12.000,12,12,8160
56,P,26,12.000,12,12,0.000,0,0,8160
57,P,26,0.000,0,0,12.000,12,12,8160
58,P,26,12.000,12,12,0.000,0,0,8160
59,P,26,0.000,0,0,12.000,12,12,8160
