frame_submitted,slot,previous_frame_not_yet_synced
4,0,0
7,1,1
9,2,2
12,3,3
13,0,4
14,4,5
15,5,6
16,1,7
17,6,8
18,2,9
19,7,10
20,8,11
21,3,12
22,0,13
23,4,14
24,5,15
25,1,16
26,6,17
27,2,18
28,7,19
29,8,20
30,3,21
31,0,22
32,4,23
33,5,24
34,1,25
35,6,26
36,2,27
37,7,28
38,8,29
39,3,30
40,0,31
41,4,32
42,5,33
43,1,34
44,6,35
45,2,36
46,7,37
47,8,38
48,3,39
49,0,40
50,4,41
51,5,42
52,1,43
53,6,44
54,2,45
55,7,46
56,8,47
57,3,48
58,0,49
59,4,50
60,5,51
61,1,52
62,6,53
63,2,54
64,7,55
65,8,56
66,3,57
67,0,58
68,4,59
69,5,60
70,1,61
71,6,62
72,2,63
73,7,64
74,8,65
75,3,66
76,0,67
77,4,68
78,5,69
79,1,70
80,6,71
81,2,72
82,7,73
83,8,74
84,3,75
85,0,76
86,4,77
87,5,78
88,1,79
89,6,80
90,2,81
91,7,82
92,8,83
93,3,84
94,0,85
95,4,86
96,5,87
97,1,88
98,6,89
99,2,90
100,7,91
101,8,92
102,3,93
103,0,94
104,4,95
105,5,96
106,1,97
107,6,98
108,2,99
109,7,100
110,8,101
111,3,102
112,0,103
113,4,104
114,5,105
115,1,106
116,6,107
117,2,108
118,7,109
119,8,110
120,3,111
121,0,112
122,4,113
123,5,114
124,1,115
125,6,116
126,2,117
127,7,118
128,8,119
129,3,120
130,0,121
131,4,122
132,5,123
133,1,124
134,6,125
135,2,126
136,7,127
137,8,128
138,3,129
139,0,130
140,4,131
141,5,132
142,1,133
143,6,134
144,2,135
145,7,136
146,8,137
147,3,138
148,0,139
149,4,140
150,5,141
151,1,142
152,6,143
153,2,144
154,7,145
155,8,146
156,3,147
157,0,148
158,4,149
159,5,150
160,1,151
161,6,152
162,2,153
163,7,154
164,8,155
165,3,156
166,0,157
167,4,158
168,5,159
169,1,160
170,6,161
171,2,162
172,7,163
173,8,164
174,3,165
175,0,166
176,4,167
177,5,168
178,1,169
179,6,170
180,2,171
181,7,172
182,8,173
183,3,174
184,0,175
185,4,176
186,5,177
187,1,178
188,6,179
189,2,180
190,7,181
191,8,182
192,3,183
193,0,184
194,4,185
195,5,186
196,1,187
197,6,188
198,2,189
199,7,190
200,8,191
201,3,192
202,0,193
203,4,194
204,5,195
205,1,196
206,6,197
207,2,198
208,7,199
209,8,200
210,3,201
211,0,202
212,4,203
213,5,204
214,1,205
215,6,206
216,2,207
217,7,208
218,8,209
219,3,210
220,0,211
221,4,212
222,5,213
223,1,214
224,6,215
225,2,216
226,7,217
227,8,218
228,3,219
229,0,220
230,4,221
231,5,222
232,1,223
233,6,224
234,2,225
235,7,226
236,8,227
237,3,228
238,0,229
239,4,230
240,5,231
241,1,232
242,6,233
243,2,234
244,7,235
245,8,236
246,3,237
247,0,238
248,4,239
249,5,240
250,1,241
251,6,242
252,2,243
253,7,244
254,8,245
255,3,246
256,0,247
257,4,248
258,5,249
259,1,250
260,6,251
261,2,252
262,7,253
263,8,254
264,3,255
265,0,256
266,4,257
267,5,258
268,1,259
269,6,260
270,2,261
271,7,262
272,8,263
273,3,264
274,0,265
275,4,266
276,5,267
277,1,268
278,6,269
279,2,270
280,7,271
281,8,272
282,3,273
283,0,274
284,4,275
285,5,276
286,1,277
287,6,278
288,2,279
289,7,280
290,8,281
291,3,282
292,0,283
293,4,284
294,5,285
295,1,286
296,6,287
297,2,288
298,7,289
299,8,290
