frame,out_idx,frame_type,bytes,stats_qp,stats_qp_top,stats_qp_bot,blk_stats,n_intra,n_inter,n_skip,finfo_qp,units
0,0,193,38508,-1.000,-1.000,-1.000,0,-1,-1,-1,-1,-1
4,1,66,15007,-1.000,-1.000,-1.000,0,-1,-1,-1,-1,-1
2,2,68,6774,-1.000,-1.000,-1.000,0,-1,-1,-1,-1,-1
1,3,4,21850,-1.000,-1.000,-1.000,0,-1,-1,-1,-1,-1
3,4,4,3648,-1.000,-1.000,-1.000,0,-1,-1,-1,-1,-1
8,5,66,28566,-1.000,-1.000,-1.000,0,-1,-1,-1,-1,-1
6,6,68,24174,-1.000,-1.000,-1.000,0,-1,-1,-1,-1,-1
5,7,4,3912,-1.000,-1.000,-1.000,0,-1,-1,-1,-1,-1
7,8,4,20737,-1.000,-1.000,-1.000,0,-1,-1,-1,-1,-1
12,9,66,28066,-1.000,-1.000,-1.000,0,-1,-1,-1,-1,-1
10,10,68,24392,-1.000,-1.000,-1.000,0,-1,-1,-1,-1,-1
9,11,4,4819,-1.000,-1.000,-1.000,0,-1,-1,-1,-1,-1
11,12,4,20837,-1.000,-1.000,-1.000,0,-1,-1,-1,-1,-1
16,13,66,28480,-1.000,-1.000,-1.000,0,-1,-1,-1,-1,-1
14,14,68,24730,-1.000,-1.000,-1.000,0,-1,-1,-1,-1,-1
13,15,4,5071,-1.000,-1.000,-1.000,0,-1,-1,-1,-1,-1
15,16,4,21151,-1.000,-1.000,-1.000,0,-1,-1,-1,-1,-1
20,17,66,28350,-1.000,-1.000,-1.000,0,-1,-1,-1,-1,-1
18,18,68,25267,-1.000,-1.000,-1.000,0,-1,-1,-1,-1,-1
17,19,4,5092,-1.000,-1.000,-1.000,0,-1,-1,-1,-1,-1
19,20,4,21535,-1.000,-1.000,-1.000,0,-1,-1,-1,-1,-1
24,21,66,28868,-1.000,-1.000,-1.000,0,-1,-1,-1,-1,-1
22,22,68,25267,-1.000,-1.000,-1.000,0,-1,-1,-1,-1,-1
21,23,4,5261,-1.000,-1.000,-1.000,0,-1,-1,-1,-1,-1
23,24,4,21588,-1.000,-1.000,-1.000,0,-1,-1,-1,-1,-1
28,25,66,28560,-1.000,-1.000,-1.000,0,-1,-1,-1,-1,-1
26,26,68,24964,-1.000,-1.000,-1.000,0,-1,-1,-1,-1,-1
25,27,4,5159,-1.000,-1.000,-1.000,0,-1,-1,-1,-1,-1
27,28,4,5016,-1.000,-1.000,-1.000,0,-1,-1,-1,-1,-1
32,29,66,29694,-1.000,-1.000,-1.000,0,-1,-1,-1,-1,-1
30,30,68,25483,-1.000,-1.000,-1.000,0,-1,-1,-1,-1,-1
29,31,4,5060,-1.000,-1.000,-1.000,0,-1,-1,-1,-1,-1
31,32,4,4780,-1.000,-1.000,-1.000,0,-1,-1,-1,-1,-1
36,33,66,28726,-1.000,-1.000,-1.000,0,-1,-1,-1,-1,-1
34,34,68,25136,-1.000,-1.000,-1.000,0,-1,-1,-1,-1,-1
33,35,4,4844,-1.000,-1.000,-1.000,0,-1,-1,-1,-1,-1
35,36,4,21200,-1.000,-1.000,-1.000,0,-1,-1,-1,-1,-1
40,37,66,28612,-1.000,-1.000,-1.000,0,-1,-1,-1,-1,-1
38,38,68,24781,-1.000,-1.000,-1.000,0,-1,-1,-1,-1,-1
37,39,4,4727,-1.000,-1.000,-1.000,0,-1,-1,-1,-1,-1
39,40,4,4668,-1.000,-1.000,-1.000,0,-1,-1,-1,-1,-1
44,41,66,29313,-1.000,-1.000,-1.000,0,-1,-1,-1,-1,-1
42,42,68,25293,-1.000,-1.000,-1.000,0,-1,-1,-1,-1,-1
41,43,4,4905,-1.000,-1.000,-1.000,0,-1,-1,-1,-1,-1
43,44,4,4992,-1.000,-1.000,-1.000,0,-1,-1,-1,-1,-1
48,45,66,30230,-1.000,-1.000,-1.000,0,-1,-1,-1,-1,-1
46,46,68,25560,-1.000,-1.000,-1.000,0,-1,-1,-1,-1,-1
45,47,4,5105,-1.000,-1.000,-1.000,0,-1,-1,-1,-1,-1
47,48,4,5145,-1.000,-1.000,-1.000,0,-1,-1,-1,-1,-1
52,49,66,29787,-1.000,-1.000,-1.000,0,-1,-1,-1,-1,-1
50,50,68,25971,-1.000,-1.000,-1.000,0,-1,-1,-1,-1,-1
49,51,4,5279,-1.000,-1.000,-1.000,0,-1,-1,-1,-1,-1
51,52,4,5419,-1.000,-1.000,-1.000,0,-1,-1,-1,-1,-1
56,53,66,29243,-1.000,-1.000,-1.000,0,-1,-1,-1,-1,-1
54,54,68,25662,-1.000,-1.000,-1.000,0,-1,-1,-1,-1,-1
53,55,4,5367,-1.000,-1.000,-1.000,0,-1,-1,-1,-1,-1
55,56,4,21947,-1.000,-1.000,-1.000,0,-1,-1,-1,-1,-1
60,57,66,30123,-1.000,-1.000,-1.000,0,-1,-1,-1,-1,-1
58,58,68,25583,-1.000,-1.000,-1.000,0,-1,-1,-1,-1,-1
57,59,4,4980,-1.000,-1.000,-1.000,0,-1,-1,-1,-1,-1
59,60,4,5192,-1.000,-1.000,-1.000,0,-1,-1,-1,-1,-1
64,61,66,29301,-1.000,-1.000,-1.000,0,-1,-1,-1,-1,-1
62,62,68,25078,-1.000,-1.000,-1.000,0,-1,-1,-1,-1,-1
61,63,4,5347,-1.000,-1.000,-1.000,0,-1,-1,-1,-1,-1
63,64,4,21115,-1.000,-1.000,-1.000,0,-1,-1,-1,-1,-1
68,65,66,28552,-1.000,-1.000,-1.000,0,-1,-1,-1,-1,-1
66,66,68,25272,-1.000,-1.000,-1.000,0,-1,-1,-1,-1,-1
65,67,4,5687,-1.000,-1.000,-1.000,0,-1,-1,-1,-1,-1
67,68,4,5890,-1.000,-1.000,-1.000,0,-1,-1,-1,-1,-1
72,69,66,28653,-1.000,-1.000,-1.000,0,-1,-1,-1,-1,-1
70,70,68,25211,-1.000,-1.000,-1.000,0,-1,-1,-1,-1,-1
69,71,4,6238,-1.000,-1.000,-1.000,0,-1,-1,-1,-1,-1
71,72,4,21412,-1.000,-1.000,-1.000,0,-1,-1,-1,-1,-1
76,73,66,28267,-1.000,-1.000,-1.000,0,-1,-1,-1,-1,-1
74,74,68,25109,-1.000,-1.000,-1.000,0,-1,-1,-1,-1,-1
73,75,4,6498,-1.000,-1.000,-1.000,0,-1,-1,-1,-1,-1
75,76,4,6557,-1.000,-1.000,-1.000,0,-1,-1,-1,-1,-1
80,77,66,28283,-1.000,-1.000,-1.000,0,-1,-1,-1,-1,-1
78,78,68,24862,-1.000,-1.000,-1.000,0,-1,-1,-1,-1,-1
77,79,4,6992,-1.000,-1.000,-1.000,0,-1,-1,-1,-1,-1
79,80,4,21254,-1.000,-1.000,-1.000,0,-1,-1,-1,-1,-1
84,81,66,28380,-1.000,-1.000,-1.000,0,-1,-1,-1,-1,-1
82,82,68,25081,-1.000,-1.000,-1.000,0,-1,-1,-1,-1,-1
81,83,4,7229,-1.000,-1.000,-1.000,0,-1,-1,-1,-1,-1
83,84,4,6997,-1.000,-1.000,-1.000,0,-1,-1,-1,-1,-1
88,85,66,28375,-1.000,-1.000,-1.000,0,-1,-1,-1,-1,-1
86,86,68,25129,-1.000,-1.000,-1.000,0,-1,-1,-1,-1,-1
85,87,4,7653,-1.000,-1.000,-1.000,0,-1,-1,-1,-1,-1
87,88,4,7513,-1.000,-1.000,-1.000,0,-1,-1,-1,-1,-1
92,89,66,28229,-1.000,-1.000,-1.000,0,-1,-1,-1,-1,-1
90,90,68,25929,-1.000,-1.000,-1.000,0,-1,-1,-1,-1,-1
89,91,4,7768,-1.000,-1.000,-1.000,0,-1,-1,-1,-1,-1
91,92,4,21715,-1.000,-1.000,-1.000,0,-1,-1,-1,-1,-1
96,93,66,28722,-1.000,-1.000,-1.000,0,-1,-1,-1,-1,-1
94,94,68,25636,-1.000,-1.000,-1.000,0,-1,-1,-1,-1,-1
93,95,4,8342,-1.000,-1.000,-1.000,0,-1,-1,-1,-1,-1
95,96,4,8624,-1.000,-1.000,-1.000,0,-1,-1,-1,-1,-1
100,97,66,29000,-1.000,-1.000,-1.000,0,-1,-1,-1,-1,-1
98,98,68,25441,-1.000,-1.000,-1.000,0,-1,-1,-1,-1,-1
97,99,4,8616,-1.000,-1.000,-1.000,0,-1,-1,-1,-1,-1
99,100,4,21820,-1.000,-1.000,-1.000,0,-1,-1,-1,-1,-1
104,101,66,29455,-1.000,-1.000,-1.000,0,-1,-1,-1,-1,-1
102,102,68,25636,-1.000,-1.000,-1.000,0,-1,-1,-1,-1,-1
101,103,4,8747,-1.000,-1.000,-1.000,0,-1,-1,-1,-1,-1
103,104,4,9246,-1.000,-1.000,-1.000,0,-1,-1,-1,-1,-1
108,105,66,29570,-1.000,-1.000,-1.000,0,-1,-1,-1,-1,-1
106,106,68,25544,-1.000,-1.000,-1.000,0,-1,-1,-1,-1,-1
105,107,4,9583,-1.000,-1.000,-1.000,0,-1,-1,-1,-1,-1
107,108,4,21743,-1.000,-1.000,-1.000,0,-1,-1,-1,-1,-1
112,109,66,29620,-1.000,-1.000,-1.000,0,-1,-1,-1,-1,-1
110,110,68,25581,-1.000,-1.000,-1.000,0,-1,-1,-1,-1,-1
109,111,4,9696,-1.000,-1.000,-1.000,0,-1,-1,-1,-1,-1
111,112,4,22023,-1.000,-1.000,-1.000,0,-1,-1,-1,-1,-1
116,113,66,29050,-1.000,-1.000,-1.000,0,-1,-1,-1,-1,-1
114,114,68,25389,-1.000,-1.000,-1.000,0,-1,-1,-1,-1,-1
113,115,4,9869,-1.000,-1.000,-1.000,0,-1,-1,-1,-1,-1
115,116,4,9970,-1.000,-1.000,-1.000,0,-1,-1,-1,-1,-1
120,117,66,29776,-1.000,-1.000,-1.000,0,-1,-1,-1,-1,-1
118,118,68,25477,-1.000,-1.000,-1.000,0,-1,-1,-1,-1,-1
117,119,4,10388,-1.000,-1.000,-1.000,0,-1,-1,-1,-1,-1
119,120,4,21690,-1.000,-1.000,-1.000,0,-1,-1,-1,-1,-1
124,121,66,29420,-1.000,-1.000,-1.000,0,-1,-1,-1,-1,-1
122,122,68,25450,-1.000,-1.000,-1.000,0,-1,-1,-1,-1,-1
121,123,4,9855,-1.000,-1.000,-1.000,0,-1,-1,-1,-1,-1
123,124,4,21632,-1.000,-1.000,-1.000,0,-1,-1,-1,-1,-1
128,125,66,29412,-1.000,-1.000,-1.000,0,-1,-1,-1,-1,-1
126,126,68,25549,-1.000,-1.000,-1.000,0,-1,-1,-1,-1,-1
125,127,4,8815,-1.000,-1.000,-1.000,0,-1,-1,-1,-1,-1
127,128,4,8645,-1.000,-1.000,-1.000,0,-1,-1,-1,-1,-1
132,129,66,30098,-1.000,-1.000,-1.000,0,-1,-1,-1,-1,-1
130,130,68,25361,-1.000,-1.000,-1.000,0,-1,-1,-1,-1,-1
129,131,4,7895,-1.000,-1.000,-1.000,0,-1,-1,-1,-1,-1
131,132,4,21488,-1.000,-1.000,-1.000,0,-1,-1,-1,-1,-1
136,133,66,30193,-1.000,-1.000,-1.000,0,-1,-1,-1,-1,-1
134,134,68,25706,-1.000,-1.000,-1.000,0,-1,-1,-1,-1,-1
133,135,4,7621,-1.000,-1.000,-1.000,0,-1,-1,-1,-1,-1
135,136,4,21631,-1.000,-1.000,-1.000,0,-1,-1,-1,-1,-1
140,137,66,29552,-1.000,-1.000,-1.000,0,-1,-1,-1,-1,-1
138,138,68,26159,-1.000,-1.000,-1.000,0,-1,-1,-1,-1,-1
137,139,4,7523,-1.000,-1.000,-1.000,0,-1,-1,-1,-1,-1
139,140,4,21552,-1.000,-1.000,-1.000,0,-1,-1,-1,-1,-1
144,141,66,29779,-1.000,-1.000,-1.000,0,-1,-1,-1,-1,-1
142,142,68,25662,-1.000,-1.000,-1.000,0,-1,-1,-1,-1,-1
141,143,4,7350,-1.000,-1.000,-1.000,0,-1,-1,-1,-1,-1
143,144,4,6671,-1.000,-1.000,-1.000,0,-1,-1,-1,-1,-1
148,145,66,29794,-1.000,-1.000,-1.000,0,-1,-1,-1,-1,-1
146,146,68,25507,-1.000,-1.000,-1.000,0,-1,-1,-1,-1,-1
145,147,4,6629,-1.000,-1.000,-1.000,0,-1,-1,-1,-1,-1
147,148,4,21579,-1.000,-1.000,-1.000,0,-1,-1,-1,-1,-1
152,149,66,29862,-1.000,-1.000,-1.000,0,-1,-1,-1,-1,-1
150,150,68,25823,-1.000,-1.000,-1.000,0,-1,-1,-1,-1,-1
149,151,4,6194,-1.000,-1.000,-1.000,0,-1,-1,-1,-1,-1
151,152,4,21468,-1.000,-1.000,-1.000,0,-1,-1,-1,-1,-1
156,153,66,29846,-1.000,-1.000,-1.000,0,-1,-1,-1,-1,-1
154,154,68,25311,-1.000,-1.000,-1.000,0,-1,-1,-1,-1,-1
153,155,4,5721,-1.000,-1.000,-1.000,0,-1,-1,-1,-1,-1
155,156,4,5343,-1.000,-1.000,-1.000,0,-1,-1,-1,-1,-1
160,157,66,29612,-1.000,-1.000,-1.000,0,-1,-1,-1,-1,-1
158,158,68,25130,-1.000,-1.000,-1.000,0,-1,-1,-1,-1,-1
157,159,4,5476,-1.000,-1.000,-1.000,0,-1,-1,-1,-1,-1
159,160,4,5451,-1.000,-1.000,-1.000,0,-1,-1,-1,-1,-1
164,161,66,29137,-1.000,-1.000,-1.000,0,-1,-1,-1,-1,-1
162,162,68,25001,-1.000,-1.000,-1.000,0,-1,-1,-1,-1,-1
161,163,4,5363,-1.000,-1.000,-1.000,0,-1,-1,-1,-1,-1
163,164,4,21439,-1.000,-1.000,-1.000,0,-1,-1,-1,-1,-1
168,165,66,29829,-1.000,-1.000,-1.000,0,-1,-1,-1,-1,-1
166,166,68,25422,-1.000,-1.000,-1.000,0,-1,-1,-1,-1,-1
165,167,4,5731,-1.000,-1.000,-1.000,0,-1,-1,-1,-1,-1
167,168,4,21439,-1.000,-1.000,-1.000,0,-1,-1,-1,-1,-1
172,169,66,30073,-1.000,-1.000,-1.000,0,-1,-1,-1,-1,-1
170,170,68,25218,-1.000,-1.000,-1.000,0,-1,-1,-1,-1,-1
169,171,4,5575,-1.000,-1.000,-1.000,0,-1,-1,-1,-1,-1
171,172,4,6132,-1.000,-1.000,-1.000,0,-1,-1,-1,-1,-1
176,173,66,29570,-1.000,-1.000,-1.000,0,-1,-1,-1,-1,-1
174,174,68,25273,-1.000,-1.000,-1.000,0,-1,-1,-1,-1,-1
173,175,4,5811,-1.000,-1.000,-1.000,0,-1,-1,-1,-1,-1
175,176,4,21572,-1.000,-1.000,-1.000,0,-1,-1,-1,-1,-1
180,177,66,31038,-1.000,-1.000,-1.000,0,-1,-1,-1,-1,-1
178,178,68,24822,-1.000,-1.000,-1.000,0,-1,-1,-1,-1,-1
177,179,4,5836,-1.000,-1.000,-1.000,0,-1,-1,-1,-1,-1
179,180,4,6194,-1.000,-1.000,-1.000,0,-1,-1,-1,-1,-1
184,181,66,29719,-1.000,-1.000,-1.000,0,-1,-1,-1,-1,-1
182,182,68,25027,-1.000,-1.000,-1.000,0,-1,-1,-1,-1,-1
181,183,4,5762,-1.000,-1.000,-1.000,0,-1,-1,-1,-1,-1
183,184,4,5554,-1.000,-1.000,-1.000,0,-1,-1,-1,-1,-1
188,185,66,28424,-1.000,-1.000,-1.000,0,-1,-1,-1,-1,-1
186,186,68,25153,-1.000,-1.000,-1.000,0,-1,-1,-1,-1,-1
185,187,4,5868,-1.000,-1.000,-1.000,0,-1,-1,-1,-1,-1
187,188,4,21423,-1.000,-1.000,-1.000,0,-1,-1,-1,-1,-1
192,189,66,28314,-1.000,-1.000,-1.000,0,-1,-1,-1,-1,-1
190,190,68,25056,-1.000,-1.000,-1.000,0,-1,-1,-1,-1,-1
189,191,4,6151,-1.000,-1.000,-1.000,0,-1,-1,-1,-1,-1
191,192,4,21363,-1.000,-1.000,-1.000,0,-1,-1,-1,-1,-1
196,193,66,28452,-1.000,-1.000,-1.000,0,-1,-1,-1,-1,-1
194,194,68,24908,-1.000,-1.000,-1.000,0,-1,-1,-1,-1,-1
193,195,4,6313,-1.000,-1.000,-1.000,0,-1,-1,-1,-1,-1
195,196,4,21399,-1.000,-1.000,-1.000,0,-1,-1,-1,-1,-1
200,197,66,28268,-1.000,-1.000,-1.000,0,-1,-1,-1,-1,-1
198,198,68,25002,-1.000,-1.000,-1.000,0,-1,-1,-1,-1,-1
197,199,4,6536,-1.000,-1.000,-1.000,0,-1,-1,-1,-1,-1
199,200,4,6790,-1.000,-1.000,-1.000,0,-1,-1,-1,-1,-1
204,201,66,28111,-1.000,-1.000,-1.000,0,-1,-1,-1,-1,-1
202,202,68,24978,-1.000,-1.000,-1.000,0,-1,-1,-1,-1,-1
201,203,4,6830,-1.000,-1.000,-1.000,0,-1,-1,-1,-1,-1
203,204,4,6637,-1.000,-1.000,-1.000,0,-1,-1,-1,-1,-1
208,205,66,28150,-1.000,-1.000,-1.000,0,-1,-1,-1,-1,-1
206,206,68,24836,-1.000,-1.000,-1.000,0,-1,-1,-1,-1,-1
205,207,4,6831,-1.000,-1.000,-1.000,0,-1,-1,-1,-1,-1
207,208,4,21119,-1.000,-1.000,-1.000,0,-1,-1,-1,-1,-1
212,209,66,28303,-1.000,-1.000,-1.000,0,-1,-1,-1,-1,-1
210,210,68,25390,-1.000,-1.000,-1.000,0,-1,-1,-1,-1,-1
209,211,4,7722,-1.000,-1.000,-1.000,0,-1,-1,-1,-1,-1
211,212,4,7950,-1.000,-1.000,-1.000,0,-1,-1,-1,-1,-1
216,213,66,28971,-1.000,-1.000,-1.000,0,-1,-1,-1,-1,-1
214,214,68,24807,-1.000,-1.000,-1.000,0,-1,-1,-1,-1,-1
213,215,4,8304,-1.000,-1.000,-1.000,0,-1,-1,-1,-1,-1
215,216,4,21517,-1.000,-1.000,-1.000,0,-1,-1,-1,-1,-1
220,217,66,29029,-1.000,-1.000,-1.000,0,-1,-1,-1,-1,-1
218,218,68,25400,-1.000,-1.000,-1.000,0,-1,-1,-1,-1,-1
217,219,4,8994,-1.000,-1.000,-1.000,0,-1,-1,-1,-1,-1
219,220,4,21814,-1.000,-1.000,-1.000,0,-1,-1,-1,-1,-1
224,221,66,28965,-1.000,-1.000,-1.000,0,-1,-1,-1,-1,-1
222,222,68,24903,-1.000,-1.000,-1.000,0,-1,-1,-1,-1,-1
221,223,4,9262,-1.000,-1.000,-1.000,0,-1,-1,-1,-1,-1
223,224,4,21803,-1.000,-1.000,-1.000,0,-1,-1,-1,-1,-1
228,225,66,28735,-1.000,-1.000,-1.000,0,-1,-1,-1,-1,-1
226,226,68,24923,-1.000,-1.000,-1.000,0,-1,-1,-1,-1,-1
225,227,4,9905,-1.000,-1.000,-1.000,0,-1,-1,-1,-1,-1
227,228,4,21608,-1.000,-1.000,-1.000,0,-1,-1,-1,-1,-1
232,229,66,29436,-1.000,-1.000,-1.000,0,-1,-1,-1,-1,-1
230,230,68,24952,-1.000,-1.000,-1.000,0,-1,-1,-1,-1,-1
229,231,4,9925,-1.000,-1.000,-1.000,0,-1,-1,-1,-1,-1
231,232,4,21687,-1.000,-1.000,-1.000,0,-1,-1,-1,-1,-1
236,233,66,29823,-1.000,-1.000,-1.000,0,-1,-1,-1,-1,-1
234,234,68,25588,-1.000,-1.000,-1.000,0,-1,-1,-1,-1,-1
233,235,4,10356,-1.000,-1.000,-1.000,0,-1,-1,-1,-1,-1
235,236,4,21992,-1.000,-1.000,-1.000,0,-1,-1,-1,-1,-1
240,237,66,29124,-1.000,-1.000,-1.000,0,-1,-1,-1,-1,-1
238,238,68,25577,-1.000,-1.000,-1.000,0,-1,-1,-1,-1,-1
237,239,4,10384,-1.000,-1.000,-1.000,0,-1,-1,-1,-1,-1
239,240,4,9528,-1.000,-1.000,-1.000,0,-1,-1,-1,-1,-1
244,241,66,29235,-1.000,-1.000,-1.000,0,-1,-1,-1,-1,-1
242,242,68,25496,-1.000,-1.000,-1.000,0,-1,-1,-1,-1,-1
241,243,4,9801,-1.000,-1.000,-1.000,0,-1,-1,-1,-1,-1
243,244,4,9465,-1.000,-1.000,-1.000,0,-1,-1,-1,-1,-1
248,245,66,29583,-1.000,-1.000,-1.000,0,-1,-1,-1,-1,-1
246,246,68,25011,-1.000,-1.000,-1.000,0,-1,-1,-1,-1,-1
245,247,4,8596,-1.000,-1.000,-1.000,0,-1,-1,-1,-1,-1
247,248,4,21277,-1.000,-1.000,-1.000,0,-1,-1,-1,-1,-1
252,249,66,29661,-1.000,-1.000,-1.000,0,-1,-1,-1,-1,-1
250,250,68,25243,-1.000,-1.000,-1.000,0,-1,-1,-1,-1,-1
249,251,4,8385,-1.000,-1.000,-1.000,0,-1,-1,-1,-1,-1
251,252,4,21535,-1.000,-1.000,-1.000,0,-1,-1,-1,-1,-1
256,253,66,28995,-1.000,-1.000,-1.000,0,-1,-1,-1,-1,-1
254,254,68,25425,-1.000,-1.000,-1.000,0,-1,-1,-1,-1,-1
253,255,4,8210,-1.000,-1.000,-1.000,0,-1,-1,-1,-1,-1
255,256,4,21094,-1.000,-1.000,-1.000,0,-1,-1,-1,-1,-1
260,257,66,28973,-1.000,-1.000,-1.000,0,-1,-1,-1,-1,-1
258,258,68,24898,-1.000,-1.000,-1.000,0,-1,-1,-1,-1,-1
257,259,4,8082,-1.000,-1.000,-1.000,0,-1,-1,-1,-1,-1
259,260,4,20711,-1.000,-1.000,-1.000,0,-1,-1,-1,-1,-1
264,261,66,29167,-1.000,-1.000,-1.000,0,-1,-1,-1,-1,-1
262,262,68,24975,-1.000,-1.000,-1.000,0,-1,-1,-1,-1,-1
261,263,4,7524,-1.000,-1.000,-1.000,0,-1,-1,-1,-1,-1
263,264,4,21087,-1.000,-1.000,-1.000,0,-1,-1,-1,-1,-1
268,265,66,29451,-1.000,-1.000,-1.000,0,-1,-1,-1,-1,-1
266,266,68,24954,-1.000,-1.000,-1.000,0,-1,-1,-1,-1,-1
265,267,4,6990,-1.000,-1.000,-1.000,0,-1,-1,-1,-1,-1
267,268,4,20583,-1.000,-1.000,-1.000,0,-1,-1,-1,-1,-1
272,269,66,30503,-1.000,-1.000,-1.000,0,-1,-1,-1,-1,-1
270,270,68,26024,-1.000,-1.000,-1.000,0,-1,-1,-1,-1,-1
269,271,4,6677,-1.000,-1.000,-1.000,0,-1,-1,-1,-1,-1
271,272,4,21165,-1.000,-1.000,-1.000,0,-1,-1,-1,-1,-1
276,273,66,30144,-1.000,-1.000,-1.000,0,-1,-1,-1,-1,-1
274,274,68,25879,-1.000,-1.000,-1.000,0,-1,-1,-1,-1,-1
273,275,4,6166,-1.000,-1.000,-1.000,0,-1,-1,-1,-1,-1
275,276,4,21823,-1.000,-1.000,-1.000,0,-1,-1,-1,-1,-1
280,277,66,29455,-1.000,-1.000,-1.000,0,-1,-1,-1,-1,-1
278,278,68,25474,-1.000,-1.000,-1.000,0,-1,-1,-1,-1,-1
277,279,4,6064,-1.000,-1.000,-1.000,0,-1,-1,-1,-1,-1
279,280,4,21700,-1.000,-1.000,-1.000,0,-1,-1,-1,-1,-1
284,281,66,30463,-1.000,-1.000,-1.000,0,-1,-1,-1,-1,-1
282,282,68,25440,-1.000,-1.000,-1.000,0,-1,-1,-1,-1,-1
281,283,4,5932,-1.000,-1.000,-1.000,0,-1,-1,-1,-1,-1
283,284,4,21856,-1.000,-1.000,-1.000,0,-1,-1,-1,-1,-1
288,285,66,29339,-1.000,-1.000,-1.000,0,-1,-1,-1,-1,-1
286,286,68,25922,-1.000,-1.000,-1.000,0,-1,-1,-1,-1,-1
285,287,4,6150,-1.000,-1.000,-1.000,0,-1,-1,-1,-1,-1
287,288,4,6285,-1.000,-1.000,-1.000,0,-1,-1,-1,-1,-1
292,289,66,29236,-1.000,-1.000,-1.000,0,-1,-1,-1,-1,-1
290,290,68,25267,-1.000,-1.000,-1.000,0,-1,-1,-1,-1,-1
289,291,4,6311,-1.000,-1.000,-1.000,0,-1,-1,-1,-1,-1
291,292,4,6467,-1.000,-1.000,-1.000,0,-1,-1,-1,-1,-1
296,293,66,29309,-1.000,-1.000,-1.000,0,-1,-1,-1,-1,-1
294,294,68,25692,-1.000,-1.000,-1.000,0,-1,-1,-1,-1,-1
293,295,4,6441,-1.000,-1.000,-1.000,0,-1,-1,-1,-1,-1
295,296,4,6470,-1.000,-1.000,-1.000,0,-1,-1,-1,-1,-1
299,297,66,10026,-1.000,-1.000,-1.000,0,-1,-1,-1,-1,-1
298,298,68,25325,-1.000,-1.000,-1.000,0,-1,-1,-1,-1,-1
297,299,4,5067,-1.000,-1.000,-1.000,0,-1,-1,-1,-1,-1
